"3000 иностранных слов, вошедших в употребление русского языка"
75 000
Mari d’Elle
Perpetuum mobile
"«Кавардак в Риме» Комическая странность в 3х действиях, 5ти картинах, с прологом и двумя провалами"
«О марте. Об апреле. О мае. Об июне и июле. Об августе» (Филологические заметки)
"«Свидание хотя и состоялось, но…»"
Актерская гибель
Альбом
Антрепренер под диваном (Закулисная история)
Анюта
Баран и барышня (Эпизодик из жизни «милостивых государей»)
Барон
Бенефис соловья (Рецензия)
Беседа пьяного с трезвым чертом
Библиография
Благодарный (Психологический этюд)
Блины
Брак по расчету (Роман в двух частях)
Брак через 10–15 лет
Братец
Брожение умов (Из летописи одного города)
Бумажник
В Москве на Трубной площади
В аптеке
В бане
В вагоне
В гостиной
В ландо
В почтовом отделении
В рождественскую ночь
В цирульне
Ванька
Вверх по лестнице
Верба
Весь в дедушку
Винт
Вопросы и ответы
Вор
Ворона
Восклицательный знак (Святочный рассказ)
Встреча весны (Рассуждение)
Вывеска
ГН ГУЛЕВИЧ (АВТОР) И УТОПЛЕННИК
Гадальщики и гадальщицы (Подновогодние картинки)
Геройбарыня
Глупый француз
Говорить или молчать? (Сказка)
Гордый человек (Рассказ)
Горе
Господа обыватели (Пьеса в двух действиях)
Гость (Сценка)
Гречневая каша сама себя хвалит (Нечто спиритическое)
Грешник из Толедо (Перевод с испанского)
Гусиный разговор
Дачники
Дачница
Два газетчика (Неправдоподобный рассказ)
Два письма
Два романа
Два скандала
"Двадцать девятое июня (Рассказ охотника, никогда в цель не попадающего)"
Двадцать шесть (Выписки из дневника)
Двое в одном
Дело о 1884 годе (От нашего корреспондента)
"Депутат, или Повесть о том, как у Дездемонова 25 рублей пропало"
Детвора
Дипломат (Сценка)
Добродетельный кабатчик (Плач оскудевшего)
Добрый знакомый
Дорогая собака
Дочь Альбиона
Дочь коммерции советника (Роман)
"Дура, или Капитан в отставке (Сценка из несуществующего водевиля)"
Дурак (Рассказ холостяка)
Егерь
Единственное средство (A propos процесса Петерб. общества взаимного кредита)
Жалобная книга
Жених и папенька (Нечто современное)
Женский тост
Женское счастье
Женщина без предрассудков (Роман)
Женщина с точки зрения пьяницы
Жены артистов (Перевод… с португальского)
Живая хронология
Жизнеописания достопримечательных современников
Жизнь в вопросах и восклицаниях
Жизнь прекрасна! (Покушающимся на самоубийство)
ЗЛОДЕИ И Г. ЕГОРОВ
"За двумя зайцами погонишься, ни одного не поймаешь"
За яблочки
Заблудшие
Забыл!!
"Завещание старого, 1883го года"
Загадочная натура
Задачи сумасшедшего математика
Закуска (Приятное воспоминание)
Затмение Луны (Из провинциальной жизни)
Зеленая Коса (Маленький роман)
Зеркало
Злой мальчик
Злоумышленник
Знакомый мужчина
Знамение времени
И прекрасное должно иметь пределы
И то и се. <Письма и телеграммы>
И то и се. Поэзия и проза
Иван Матвеич
Идиллия – увы и ах!
Из дневника одной девицы
Из дневника помощника бухгалтера
Из огня да в полымя
Индейский петух (Маленькое недоразумение)
Интеллигентное бревно (Сценка)
Исповедь
"Исповедь, или Оля, Женя, Зоя (Письмо)"
К сведению мужей (Научная статья)
К характеристике народов (Из записок одного наивного члена русского географического общества)
Каникулярные работы институтки Наденьки N
Канитель
Капитанский мундир
Картинки из недавнего прошлого
Клевета
Коечто
Коечто 2
Коечто об А. С. Даргомыжском
Козел или негодяй?
Коллекция
Комик
Контрабас и флейта (Сценка)
Контракт 1884 года с человечеством
Конь и трепетная лань
Корреспондент
"Который из трех? (Старая, но вечно новая история)"
Красная горка
Краткая анатомия человека
Крест
Кривое зеркало (Святочный рассказ)
Кулачье гнездо
Кухарка женится
Летающие острова Соч. Жюля Верна. Перевод А. Чехонте
Либерал (Новогодний рассказ)
Лист (Коечто пасхальное)
Литературная табель о рангах
Лошадиная фамилия
МАМАША И Г. ЛЕНТОВСКИЙ
Марья Ивановна
Масленичные правила дисциплины
Мелюзга
Мертвое тело
Месть
Месть женщины
Мои жены (Письмо в редакцию – Рауля Синей Бороды)
Мои остроты и изречения
Мои чины и титулы
Мой разговор с почтмейстером
Мой юбилей
Молодой человек
Мошенники поневоле (Новогодняя побрехушка)
Моя Нана
Моя беседа с Эдисоном (От нашего собственного корреспондента)
Мысли читателя газет и журналов
Мыслитель
НАХОДЧИВОСТЬ Г. РОДОНА
На волчьей садке
На гвозде
На гулянье в Сокольниках
На кладбище
На магнетическом сеансе
На охоте
На чужбине
Надлежащие меры
Надул (Очень древний анекдот)
Наивный леший (Сказка)
Налим
Нарвался
Нахлебники
Начальник станции
Не в духе
Не судьба!
Не тлетворные мысли
Необходимое предисловие
Нервы
Несколько мыслей о душе
Несообразные мысли
Неудача
Неудачный визит
Нечто серьезное
Новая болезнь и старое средство
Новогодние великомученики
"Ну, публика!"
О бренности (Масленичная тема для проповеди)
О женщинах
"О женщины, женщины!.."
О мае
О марте
"О том, как я в законный брак вступил (Рассказец)"
"О том, о сем…"
Об августе
Об апреле
Об июне и июле
Оба лучше
Оберверхи
Общее образование (Последние выводы зубоврачебной науки)
Он и она
Он понял!
Опекун
Орден
Осенью
Отвергнутая любовь (Перевод с испанского)
Отец семейства
Открытие
Отрава
Отставной раб
Папаша
Патриот своего отечества
Певчие
Первый дебют (Рассказ)
Перед свадьбой
Пережитое (Психологический этюд)
Переполох
Перепутанные объявления
Пересолил
Персона
Петров день
Писатель
Письмо к ученому соседу
Плоды долгих размышлений
Поамерикански
После бенефиса (Сценка)
Последняя могиканша
Правила для начинающих авторов (Юбилейный подарок – вместо почтового ящика)
Праздничная повинность
Предписание (Из захолустной жизни)
Приданое
Признательный немец
Пропащее дело (Водевильное происшествие)
Прощение
Психопаты (Сценка)
Радость
Раз в год
Разговор
Разговор человека с собакой
Размазня
"Рассказ, которому трудно подобрать название"
Рассказы 1880–1886 годов
Ревнитель
Репетитор
Речь и ремешок
Роман адвоката (Протокол)
Руководство для желающих жениться (Секретно)
Русский уголь (Правдивая история)
Рыбье дело (Густой трактат по жидкому вопросу)
Рыцари без страха и упрека
Ряженые
Ряженые
Салон де варьете
Самообольщение (Сказка)
Сапоги
Сборник для детей
Свадьба с генералом (Рассказ)
Свистуны
Святая простота (Рассказ)
Сельские эскулапы
Симулянты
Скверная история. Нечто романообразное
"Слова, слова и слова"
Служебные пометки
Случаи mania grandiosa (Вниманию газеты «Врач»)
Случай из судебной практики
Случай с классиком
Смерть чиновника
Совет
Современные молитвы
Сон репортера
Сонная одурь
"Список экспонентов, удостоенных чугунных медалей по русскому отделу на выставке в Амстердаме"
Справка
Средство от запоя
Старость
Стена
Стража под стражей (Сценка)
Страшная ночь
Суд
Сущая правда
Сценка
Счастливчик
Съезд естествоиспытателей в Филадельфии (Статья научного содержания)
Тапер
Темною ночью
Темпераменты (По последним выводам науки)
Тещаадвокат
Толстый и тонкий
Торжество победителя (Рассказ отставного коллежского регистратора)
Тоска
Трагик
Трифон
Тряпка (Сценка)
"Тысяча одна страсть, или Страшная ночь (Роман в одной части с эпилогом)"
У предводительши
У телефона
Умный дворник
Упразднили!
Устрицы
Утопленник (Сценка)
Ушла
Филантроп
Философские определения жизни
Финтифлюшки
Хамелеон
Хирургия
Циник
Чтение (Рассказ старого воробья)
Что лучше? (Праздные рассуждения штыкюнкера Крокодилова)
"Что чаще всего встречается в романах, повестях и т. п.?"
Шампанское (Мысли с новогоднего похмелья)
Шведская спичка (Уголовный рассказ)
Шило в мешке
Экзамен (Из беседы двух очень умных людей)
Экзамен на чин
Юристка
Язык до Киева доведет
Ярмарка
